{"cameraMode":{"drawMode":0,"name":"Shaded","section":"Shading Mode"},"sceneLighting":false,"audioPlay":false,"sceneViewState":{"m_AlwaysRefresh":false,"showFog":true,"showSkybox":false,"showFlares":true,"showImageEffects":true,"showParticleSystems":true,"showVisualEffectGraphs":true,"m_FxEnabled":true},"in2DMode":false,"pivot":{"x":3.43245267868042,"y":0.8821340203285217,"z":-0.007405996322631836},"rotation":{"x":-0.01188618317246437,"y":-0.7078565955162048,"z":0.011885326355695725,"w":-0.706173837184906},"size":4.791870594024658,"orthographic":true}