{"cameraMode":{"drawMode":0,"name":"Shaded","section":"Shading Mode"},"sceneLighting":false,"audioPlay":false,"sceneViewState":{"m_AlwaysRefresh":false,"showFog":true,"showSkybox":false,"showFlares":true,"showImageEffects":true,"showParticleSystems":true,"showVisualEffectGraphs":true,"m_FxEnabled":true},"in2DMode":false,"pivot":{"x":-0.004830196499824524,"y":0.20959973335266114,"z":0.1188734769821167},"rotation":{"x":-0.32707875967025759,"y":-0.3876350224018097,"z":0.14937244355678559,"w":-0.8487932085990906},"size":2.1219892501831056,"orthographic":false}