{"cameraMode":{"drawMode":0,"name":"Shaded","section":"Shading Mode"},"sceneLighting":false,"audioPlay":false,"sceneViewState":{"m_AlwaysRefresh":false,"showFog":true,"showSkybox":false,"showFlares":true,"showImageEffects":true,"showParticleSystems":true,"showVisualEffectGraphs":true,"m_FxEnabled":true},"in2DMode":false,"pivot":{"x":0.7605242729187012,"y":0.16457343101501466,"z":1.9686651229858399},"rotation":{"x":-0.14706777036190034,"y":-0.7072405219078064,"z":0.15430137515068055,"w":-0.6740752458572388},"size":1.229081153869629,"orthographic":false}