{"cameraMode":{"drawMode":0,"name":"Shaded","section":"Shading Mode"},"sceneLighting":false,"audioPlay":false,"sceneViewState":{"m_AlwaysRefresh":false,"showFog":true,"showSkybox":false,"showFlares":true,"showImageEffects":true,"showParticleSystems":true,"showVisualEffectGraphs":true,"m_FxEnabled":true},"in2DMode":false,"pivot":{"x":-4.470348358154297e-8,"y":0.24599021673202516,"z":-0.00530049204826355},"rotation":{"x":-0.32707875967025759,"y":-0.3876350224018097,"z":0.14937244355678559,"w":-0.8487932085990906},"size":0.33493083715438845,"orthographic":false}