{"cameraMode":{"drawMode":0,"name":"Shaded","section":"Shading Mode"},"sceneLighting":false,"audioPlay":false,"sceneViewState":{"m_AlwaysRefresh":false,"showFog":true,"showSkybox":false,"showFlares":true,"showImageEffects":true,"showParticleSystems":true,"showVisualEffectGraphs":true,"m_FxEnabled":true},"in2DMode":false,"pivot":{"x":0.03245258331298828,"y":0.8821340203285217,"z":-0.007405996322631836},"rotation":{"x":-0.22254608571529389,"y":-0.7774764895439148,"z":0.41699981689453127,"w":-0.41489845514297488},"size":4.791870594024658,"orthographic":true}