{"cameraMode":{"drawMode":0,"name":"Shaded","section":"Shading Mode"},"sceneLighting":false,"audioPlay":false,"sceneViewState":{"m_AlwaysRefresh":false,"showFog":true,"showSkybox":false,"showFlares":true,"showImageEffects":true,"showParticleSystems":true,"showVisualEffectGraphs":true,"m_FxEnabled":true},"in2DMode":false,"pivot":{"x":-2.384185791015625e-7,"y":4.999999523162842,"z":1.1920928955078126e-7},"rotation":{"x":0.0009063525358214974,"y":0.9990761876106262,"z":-0.03629175201058388,"w":0.02428578957915306},"size":6.480740070343018,"orthographic":true}