{"cameraMode":{"drawMode":0,"name":"Shaded","section":"Shading Mode"},"sceneLighting":false,"audioPlay":false,"sceneViewState":{"m_AlwaysRefresh":false,"showFog":true,"showSkybox":false,"showFlares":true,"showImageEffects":true,"showParticleSystems":true,"showVisualEffectGraphs":true,"m_FxEnabled":true},"in2DMode":false,"pivot":{"x":-0.001438528299331665,"y":0.41438794136047366,"z":0.5133566856384277},"rotation":{"x":-0.32707875967025759,"y":-0.3876350224018097,"z":0.14937244355678559,"w":-0.8487932085990906},"size":1.2500154972076417,"orthographic":false}