{"cameraMode":{"drawMode":0,"name":"Shaded","section":"Shading Mode"},"sceneLighting":false,"audioPlay":false,"sceneViewState":{"m_AlwaysRefresh":false,"showFog":true,"showSkybox":false,"showFlares":true,"showImageEffects":true,"showParticleSystems":true,"showVisualEffectGraphs":true,"m_FxEnabled":true},"in2DMode":false,"pivot":{"x":-4.470348358154297e-8,"y":0.1638306975364685,"z":0.002241164445877075},"rotation":{"x":0.025700319558382036,"y":0.45225754380226138,"z":-0.013011994771659375,"w":0.8914441466331482},"size":0.27551212906837466,"orthographic":true}