{"cameraMode":{"drawMode":0,"name":"Shaded","section":"Shading Mode"},"sceneLighting":false,"audioPlay":false,"sceneViewState":{"m_AlwaysRefresh":false,"showFog":true,"showSkybox":true,"showFlares":true,"showImageEffects":true,"showParticleSystems":true,"showVisualEffectGraphs":true,"m_FxEnabled":true},"in2DMode":false,"pivot":{"x":-0.22958633303642274,"y":1.138301134109497,"z":0.27649128437042239},"rotation":{"x":0.023870740085840226,"y":-0.9700655341148377,"z":0.21626684069633485,"w":0.10887749493122101},"size":0.7224702835083008,"orthographic":false}