{"cameraMode":{"drawMode":0,"name":"Shaded","section":"Shading Mode"},"sceneLighting":false,"audioPlay":false,"sceneViewState":{"m_AlwaysRefresh":false,"showFog":true,"showSkybox":false,"showFlares":true,"showImageEffects":true,"showParticleSystems":true,"showVisualEffectGraphs":true,"m_FxEnabled":true},"in2DMode":false,"pivot":{"x":3.9412577152252199,"y":1.5773859024047852,"z":26.639999389648439},"rotation":{"x":-0.01188618317246437,"y":-0.7078565955162048,"z":0.011885326355695725,"w":-0.706173837184906},"size":2.1685824394226076,"orthographic":true}