{"cameraMode":{"drawMode":0,"name":"Shaded","section":"Shading Mode"},"sceneLighting":false,"audioPlay":false,"sceneViewState":{"m_AlwaysRefresh":false,"showFog":true,"showSkybox":false,"showFlares":true,"showImageEffects":true,"showParticleSystems":true,"showVisualEffectGraphs":true,"m_FxEnabled":true},"in2DMode":false,"pivot":{"x":-0.024999618530273439,"y":4.4482927322387699,"z":-39.724998474121097},"rotation":{"x":-0.01188618317246437,"y":-0.7078565955162048,"z":0.011885326355695725,"w":-0.706173837184906},"size":9.349699020385743,"orthographic":true}