{"cameraMode":{"drawMode":0,"name":"Shaded","section":"Shading Mode"},"sceneLighting":true,"audioPlay":false,"sceneViewState":{"m_AlwaysRefresh":false,"showFog":true,"showSkybox":false,"showFlares":true,"showImageEffects":true,"showParticleSystems":true,"showVisualEffectGraphs":true,"m_FxEnabled":true},"in2DMode":false,"pivot":{"x":-2.384185791015625e-7,"y":4.999999523162842,"z":3.5762786865234377e-7},"rotation":{"x":-0.009308303706347943,"y":0.01441111695021391,"z":-0.0001537197967991233,"w":-0.99986732006073},"size":6.480740070343018,"orthographic":true}